{
  "timestamp": "2026-03-01T02:43:32.422Z",
  "k": 10,
  "n_cases": 458,
  "n_cards": 93,
  "hit_at_1": 0.4344978165938865,
  "hit_at_5": 0.7074235807860262,
  "hit_at_k": 0.7838427947598253,
  "mrr": 0.5525473071324597,
  "ndcg_at_k": 0.6086735540641707,
  "by_type": {
    "cross_service": {
      "hit_at_1": 0.6666666666666666,
      "hit_at_5": 0.8666666666666667,
      "hit_at_k": 0.9,
      "total": 30
    },
    "flow": {
      "hit_at_1": 0.38162544169611307,
      "hit_at_5": 0.734982332155477,
      "hit_at_k": 0.7985865724381626,
      "total": 283
    },
    "hub": {
      "hit_at_1": 0,
      "hit_at_5": 0.13333333333333333,
      "hit_at_k": 0.37777777777777777,
      "total": 45
    },
    "model": {
      "hit_at_1": 0.71,
      "hit_at_5": 0.84,
      "hit_at_k": 0.89,
      "total": 100
    }
  },
  "by_source": {
    "synthetic_easy": {
      "hits": 176,
      "total": 186
    },
    "synthetic_medium": {
      "hits": 183,
      "total": 272
    }
  }
}