{
  "timestamp": "2026-03-01T03:43:56.310Z",
  "k": 10,
  "n_cases": 463,
  "n_cards": 94,
  "hit_at_1": 0.4946004319654428,
  "hit_at_5": 0.734341252699784,
  "hit_at_k": 0.7904967602591793,
  "mrr": 0.5987418149405189,
  "ndcg_at_k": 0.6455077741003439,
  "by_type": {
    "cross_service": {
      "hit_at_1": 0.6666666666666666,
      "hit_at_5": 0.9666666666666667,
      "hit_at_k": 0.9666666666666667,
      "total": 30
    },
    "flow": {
      "hit_at_1": 0.5,
      "hit_at_5": 0.7916666666666666,
      "hit_at_k": 0.8472222222222222,
      "total": 288
    },
    "hub": {
      "hit_at_1": 0,
      "hit_at_5": 0.06666666666666667,
      "hit_at_k": 0.2,
      "total": 45
    },
    "model": {
      "hit_at_1": 0.65,
      "hit_at_5": 0.8,
      "hit_at_k": 0.84,
      "total": 100
    }
  },
  "by_source": {
    "synthetic_easy": {
      "hits": 165,
      "total": 188
    },
    "synthetic_medium": {
      "hits": 201,
      "total": 275
    }
  }
}