{
  "timestamp": "2026-03-01T01:50:00.602Z",
  "k": 10,
  "n_cases": 463,
  "n_cards": 94,
  "hit_at_1": 0.5053995680345572,
  "hit_at_5": 0.7537796976241901,
  "hit_at_k": 0.8207343412526998,
  "mrr": 0.6130832390551612,
  "ndcg_at_k": 0.6634901178972007,
  "by_type": {
    "cross_service": {
      "hit_at_1": 0.8,
      "hit_at_5": 1,
      "hit_at_k": 1,
      "total": 25
    },
    "flow": {
      "hit_at_1": 0.5870307167235495,
      "hit_at_5": 0.8293515358361775,
      "hit_at_k": 0.8703071672354948,
      "total": 293
    },
    "hub": {
      "hit_at_1": 0,
      "hit_at_5": 0.022222222222222223,
      "hit_at_k": 0.2,
      "total": 45
    },
    "model": {
      "hit_at_1": 0.42,
      "hit_at_5": 0.8,
      "hit_at_k": 0.91,
      "total": 100
    }
  },
  "by_source": {
    "synthetic_easy": {
      "hits": 171,
      "total": 188
    },
    "synthetic_medium": {
      "hits": 209,
      "total": 275
    }
  }
}