{
  "timestamp": "2026-03-01T02:05:31.875Z",
  "k": 10,
  "n_cases": 463,
  "n_cards": 94,
  "hit_at_1": 0.5075593952483801,
  "hit_at_5": 0.7494600431965442,
  "hit_at_k": 0.816414686825054,
  "mrr": 0.6125861359662657,
  "ndcg_at_k": 0.6619449456770932,
  "by_type": {
    "cross_service": {
      "hit_at_1": 0.8,
      "hit_at_5": 1,
      "hit_at_k": 1,
      "total": 30
    },
    "flow": {
      "hit_at_1": 0.5868055555555556,
      "hit_at_5": 0.8229166666666666,
      "hit_at_k": 0.8576388888888888,
      "total": 288
    },
    "hub": {
      "hit_at_1": 0,
      "hit_at_5": 0.022222222222222223,
      "hit_at_k": 0.24444444444444444,
      "total": 45
    },
    "model": {
      "hit_at_1": 0.42,
      "hit_at_5": 0.79,
      "hit_at_k": 0.9,
      "total": 100
    }
  },
  "by_source": {
    "synthetic_easy": {
      "hits": 172,
      "total": 188
    },
    "synthetic_medium": {
      "hits": 206,
      "total": 275
    }
  }
}