{
  "timestamp": "2026-03-01T02:47:02.940Z",
  "k": 10,
  "n_cases": 458,
  "n_cards": 93,
  "hit_at_1": 0.4388646288209607,
  "hit_at_5": 0.7117903930131004,
  "hit_at_k": 0.7903930131004366,
  "mrr": 0.5580751368960973,
  "ndcg_at_k": 0.6144902329521976,
  "by_type": {
    "cross_service": {
      "hit_at_1": 0.6666666666666666,
      "hit_at_5": 0.8666666666666667,
      "hit_at_k": 0.9,
      "total": 30
    },
    "flow": {
      "hit_at_1": 0.38869257950530034,
      "hit_at_5": 0.734982332155477,
      "hit_at_k": 0.8021201413427562,
      "total": 283
    },
    "hub": {
      "hit_at_1": 0,
      "hit_at_5": 0.17777777777777778,
      "hit_at_k": 0.4222222222222222,
      "total": 45
    },
    "model": {
      "hit_at_1": 0.71,
      "hit_at_5": 0.84,
      "hit_at_k": 0.89,
      "total": 100
    }
  },
  "by_source": {
    "synthetic_easy": {
      "hits": 177,
      "total": 186
    },
    "synthetic_medium": {
      "hits": 185,
      "total": 272
    }
  }
}