{
  "timestamp": "2026-03-01T05:56:12.656Z",
  "k": 5,
  "n_judged": 463,
  "n_cards": 102,
  "judged_p1": 0.35205183585313177,
  "judged_p5": 0.7926565874730022,
  "avg_rel1": 1.183585313174946,
  "judged_ndcg5": 0.6528947301856693,
  "by_type": {
    "cross_service": {
      "p1": 0.6666666666666666,
      "p5": 1,
      "avg_rel": 2.1,
      "total": 30
    },
    "flow": {
      "p1": 0.3854166666666667,
      "p5": 0.8090277777777778,
      "avg_rel": 1.3055555555555556,
      "total": 288
    },
    "hub": {
      "p1": 0.3333333333333333,
      "p5": 0.7555555555555555,
      "avg_rel": 0.9777777777777777,
      "total": 45
    },
    "model": {
      "p1": 0.17,
      "p5": 0.7,
      "avg_rel": 0.65,
      "total": 100
    }
  },
  "by_source": {
    "synthetic_easy": {
      "p5": 0.7819148936170213,
      "avg_rel": 1.202127659574468,
      "total": 188
    },
    "synthetic_medium": {
      "p5": 0.8,
      "avg_rel": 1.170909090909091,
      "total": 275
    }
  }
}