{
  "timestamp": "2026-03-01T04:26:15.643Z",
  "k": 5,
  "n_judged": 463,
  "n_cards": 94,
  "judged_p1": 0.0021598272138228943,
  "judged_p5": 0.12526997840172785,
  "avg_rel1": 0.11879049676025918,
  "judged_ndcg5": 0.15961408176094183,
  "by_type": {
    "cross_service": {
      "p1": 0,
      "p5": 0.1,
      "avg_rel": 0.1,
      "total": 30
    },
    "flow": {
      "p1": 0,
      "p5": 0.10416666666666667,
      "avg_rel": 0.10069444444444445,
      "total": 288
    },
    "hub": {
      "p1": 0,
      "p5": 0.1111111111111111,
      "avg_rel": 0.1111111111111111,
      "total": 45
    },
    "model": {
      "p1": 0.01,
      "p5": 0.2,
      "avg_rel": 0.18,
      "total": 100
    }
  },
  "by_source": {
    "synthetic_easy": {
      "p5": 0.1595744680851064,
      "avg_rel": 0.14893617021276595,
      "total": 188
    },
    "synthetic_medium": {
      "p5": 0.10181818181818182,
      "avg_rel": 0.09818181818181818,
      "total": 275
    }
  }
}