{
  "timestamp": "2026-03-01T06:21:57.816Z",
  "k": 5,
  "n_judged": 463,
  "n_cards": 102,
  "judged_p1": 0.5053995680345572,
  "judged_p5": 0.9503239740820735,
  "avg_rel1": 1.4730021598272138,
  "judged_ndcg5": 0.769928130325489,
  "by_type": {
    "unknown": {
      "p1": 0.5053995680345572,
      "p5": 0.9503239740820735,
      "avg_rel": 1.4730021598272138,
      "total": 463
    }
  },
  "by_source": {
    "synthetic_easy": {
      "p5": 0.9787234042553191,
      "avg_rel": 1.7446808510638299,
      "total": 188
    },
    "synthetic_medium": {
      "p5": 0.9309090909090909,
      "avg_rel": 1.2872727272727273,
      "total": 275
    }
  }
}