{
  "timestamp": "2026-03-01T05:23:14.554Z",
  "k": 5,
  "n_judged": 463,
  "n_cards": 102,
  "judged_p1": 0.07991360691144708,
  "judged_p5": 0.2570194384449244,
  "avg_rel1": 0.34773218142548595,
  "judged_ndcg5": 0.26679317091882687,
  "by_type": {
    "cross_service": {
      "p1": 0.06666666666666667,
      "p5": 0.13333333333333333,
      "avg_rel": 0.26666666666666666,
      "total": 30
    },
    "flow": {
      "p1": 0.059027777777777776,
      "p5": 0.2152777777777778,
      "avg_rel": 0.2847222222222222,
      "total": 288
    },
    "hub": {
      "p1": 0.06666666666666667,
      "p5": 0.2222222222222222,
      "avg_rel": 0.37777777777777777,
      "total": 45
    },
    "model": {
      "p1": 0.15,
      "p5": 0.43,
      "avg_rel": 0.54,
      "total": 100
    }
  },
  "by_source": {
    "synthetic_easy": {
      "p5": 0.3670212765957447,
      "avg_rel": 0.5478723404255319,
      "total": 188
    },
    "synthetic_medium": {
      "p5": 0.18181818181818182,
      "avg_rel": 0.2109090909090909,
      "total": 275
    }
  }
}