{
  "timestamp": "2026-03-01T03:59:15.646Z",
  "k": 5,
  "n_judged": 60,
  "n_cards": 94,
  "judged_p1": 0.7,
  "judged_p5": 0.8166666666666667,
  "avg_rel1": 1.9833333333333334,
  "judged_ndcg5": 0.8069524309964693,
  "by_type": {
    "cross_service": {
      "p1": 0.625,
      "p5": 0.75,
      "avg_rel": 1.5,
      "total": 8
    },
    "flow": {
      "p1": 0.7021276595744681,
      "p5": 0.8297872340425532,
      "avg_rel": 2.0425531914893615,
      "total": 47
    },
    "model": {
      "p1": 1,
      "p5": 1,
      "avg_rel": 2.75,
      "total": 4
    },
    "hub": {
      "p1": 0,
      "p5": 0,
      "avg_rel": 0,
      "total": 1
    }
  },
  "by_source": {
    "synthetic_easy": {
      "p5": 1,
      "avg_rel": 2.75,
      "total": 24
    },
    "synthetic_medium": {
      "p5": 0.6944444444444444,
      "avg_rel": 1.4722222222222223,
      "total": 36
    }
  }
}