{
  "timestamp": "2026-03-01T05:03:43.113Z",
  "k": 5,
  "n_judged": 463,
  "n_cards": 102,
  "judged_p1": 0.7041036717062635,
  "judged_p5": 0.8315334773218143,
  "avg_rel1": 2.101511879049676,
  "judged_ndcg5": 0.8207942060873457,
  "by_type": {
    "cross_service": {
      "p1": 0.8,
      "p5": 0.8,
      "avg_rel": 2.2,
      "total": 30
    },
    "flow": {
      "p1": 0.6458333333333334,
      "p5": 0.78125,
      "avg_rel": 1.9340277777777777,
      "total": 288
    },
    "hub": {
      "p1": 0.7111111111111111,
      "p5": 0.9555555555555556,
      "avg_rel": 2.066666666666667,
      "total": 45
    },
    "model": {
      "p1": 0.84,
      "p5": 0.93,
      "avg_rel": 2.57,
      "total": 100
    }
  },
  "by_source": {
    "synthetic_easy": {
      "p5": 0.9893617021276596,
      "avg_rel": 2.7180851063829787,
      "total": 188
    },
    "synthetic_medium": {
      "p5": 0.7236363636363636,
      "avg_rel": 1.68,
      "total": 275
    }
  }
}