{
  "timestamp": "2026-03-01T06:11:37.901Z",
  "k": 5,
  "n_judged": 463,
  "n_cards": 94,
  "judged_p1": 0.4190064794816415,
  "judged_p5": 0.7796976241900648,
  "avg_rel1": 1.349892008639309,
  "judged_ndcg5": 0.6857284798682346,
  "by_type": {
    "cross_service": {
      "p1": 0.7333333333333333,
      "p5": 1,
      "avg_rel": 2.2333333333333334,
      "total": 30
    },
    "flow": {
      "p1": 0.4513888888888889,
      "p5": 0.8055555555555556,
      "avg_rel": 1.4479166666666667,
      "total": 288
    },
    "hub": {
      "p1": 0.4,
      "p5": 0.7555555555555555,
      "avg_rel": 1.2444444444444445,
      "total": 45
    },
    "model": {
      "p1": 0.24,
      "p5": 0.65,
      "avg_rel": 0.85,
      "total": 100
    }
  },
  "by_source": {
    "synthetic_easy": {
      "p5": 0.75,
      "avg_rel": 1.2659574468085106,
      "total": 188
    },
    "synthetic_medium": {
      "p5": 0.8,
      "avg_rel": 1.4072727272727272,
      "total": 275
    }
  }
}