{
  "timestamp": "2026-03-01T06:34:52.517Z",
  "k": 5,
  "n_judged": 463,
  "n_cards": 102,
  "judged_p1": 0.4470842332613391,
  "judged_p5": 0.9460043196544277,
  "avg_rel1": 1.3282937365010798,
  "judged_ndcg5": 0.7415959241182101,
  "by_type": {
    "unknown": {
      "p1": 0.4470842332613391,
      "p5": 0.9460043196544277,
      "avg_rel": 1.3282937365010798,
      "total": 463
    }
  },
  "by_source": {
    "synthetic_easy": {
      "p5": 0.9787234042553191,
      "avg_rel": 1.5691489361702127,
      "total": 188
    },
    "synthetic_medium": {
      "p5": 0.9236363636363636,
      "avg_rel": 1.1636363636363636,
      "total": 275
    }
  }
}