{
  "timestamp": "2026-03-01T04:31:45.354Z",
  "k": 5,
  "n_judged": 463,
  "n_cards": 94,
  "judged_p1": 0.714902807775378,
  "judged_p5": 0.8120950323974082,
  "avg_rel1": 2.125269978401728,
  "judged_ndcg5": 0.8164822835600329,
  "by_type": {
    "cross_service": {
      "p1": 0.7666666666666667,
      "p5": 0.7666666666666667,
      "avg_rel": 2.1666666666666665,
      "total": 30
    },
    "flow": {
      "p1": 0.65625,
      "p5": 0.78125,
      "avg_rel": 1.9583333333333333,
      "total": 288
    },
    "hub": {
      "p1": 0.7111111111111111,
      "p5": 0.7555555555555555,
      "avg_rel": 2.066666666666667,
      "total": 45
    },
    "model": {
      "p1": 0.87,
      "p5": 0.94,
      "avg_rel": 2.62,
      "total": 100
    }
  },
  "by_source": {
    "synthetic_easy": {
      "p5": 0.9787234042553191,
      "avg_rel": 2.74468085106383,
      "total": 188
    },
    "synthetic_medium": {
      "p5": 0.6981818181818182,
      "avg_rel": 1.701818181818182,
      "total": 275
    }
  }
}