{
  "timestamp": "2026-03-01T04:03:49.199Z",
  "k": 5,
  "n_judged": 463,
  "n_cards": 94,
  "judged_p1": 0.714902807775378,
  "judged_p5": 0.8120950323974082,
  "avg_rel1": 2.1339092872570196,
  "judged_ndcg5": 0.8246092535343194,
  "by_type": {
    "cross_service": {
      "p1": 0.8,
      "p5": 0.8333333333333334,
      "avg_rel": 2.1666666666666665,
      "total": 30
    },
    "flow": {
      "p1": 0.6493055555555556,
      "p5": 0.7777777777777778,
      "avg_rel": 1.9756944444444444,
      "total": 288
    },
    "hub": {
      "p1": 0.7111111111111111,
      "p5": 0.7555555555555555,
      "avg_rel": 2.0444444444444443,
      "total": 45
    },
    "model": {
      "p1": 0.88,
      "p5": 0.93,
      "avg_rel": 2.62,
      "total": 100
    }
  },
  "by_source": {
    "synthetic_easy": {
      "p5": 0.973404255319149,
      "avg_rel": 2.75,
      "total": 188
    },
    "synthetic_medium": {
      "p5": 0.7018181818181818,
      "avg_rel": 1.7127272727272727,
      "total": 275
    }
  }
}