{
  "timestamp": "2026-03-01T04:46:45.207Z",
  "k": 5,
  "n_judged": 463,
  "n_cards": 94,
  "judged_p1": 0.7041036717062635,
  "judged_p5": 0.8120950323974082,
  "avg_rel1": 2.09719222462203,
  "judged_ndcg5": 0.8127935382234818,
  "by_type": {
    "cross_service": {
      "p1": 0.8,
      "p5": 0.8,
      "avg_rel": 2.1666666666666665,
      "total": 30
    },
    "flow": {
      "p1": 0.6493055555555556,
      "p5": 0.78125,
      "avg_rel": 1.9409722222222223,
      "total": 288
    },
    "hub": {
      "p1": 0.6666666666666666,
      "p5": 0.7555555555555555,
      "avg_rel": 1.9777777777777779,
      "total": 45
    },
    "model": {
      "p1": 0.85,
      "p5": 0.93,
      "avg_rel": 2.58,
      "total": 100
    }
  },
  "by_source": {
    "synthetic_easy": {
      "p5": 0.9787234042553191,
      "avg_rel": 2.75,
      "total": 188
    },
    "synthetic_medium": {
      "p5": 0.6981818181818182,
      "avg_rel": 1.6509090909090909,
      "total": 275
    }
  }
}