{
  "timestamp": "2026-03-01T04:39:46.481Z",
  "k": 5,
  "n_judged": 463,
  "n_cards": 94,
  "judged_p1": 0.712742980561555,
  "judged_p5": 0.8250539956803455,
  "avg_rel1": 2.1511879049676024,
  "judged_ndcg5": 0.8392201081758568,
  "by_type": {
    "cross_service": {
      "p1": 0.7666666666666667,
      "p5": 0.7666666666666667,
      "avg_rel": 2.2,
      "total": 30
    },
    "flow": {
      "p1": 0.6527777777777778,
      "p5": 0.7708333333333334,
      "avg_rel": 1.9895833333333333,
      "total": 288
    },
    "hub": {
      "p1": 0.7111111111111111,
      "p5": 0.9777777777777777,
      "avg_rel": 2.0444444444444443,
      "total": 45
    },
    "model": {
      "p1": 0.87,
      "p5": 0.93,
      "avg_rel": 2.65,
      "total": 100
    }
  },
  "by_source": {
    "synthetic_easy": {
      "p5": 0.9840425531914894,
      "avg_rel": 2.765957446808511,
      "total": 188
    },
    "synthetic_medium": {
      "p5": 0.7163636363636363,
      "avg_rel": 1.730909090909091,
      "total": 275
    }
  }
}