{
  "timestamp": "2026-03-01T05:12:11.966Z",
  "k": 5,
  "n_judged": 463,
  "n_cards": 102,
  "judged_p1": 0.09287257019438445,
  "judged_p5": 0.3714902807775378,
  "avg_rel1": 0.3801295896328294,
  "judged_ndcg5": 0.3259123671102776,
  "by_type": {
    "cross_service": {
      "p1": 0.13333333333333333,
      "p5": 0.26666666666666666,
      "avg_rel": 0.36666666666666664,
      "total": 30
    },
    "flow": {
      "p1": 0.059027777777777776,
      "p5": 0.2777777777777778,
      "avg_rel": 0.2847222222222222,
      "total": 288
    },
    "hub": {
      "p1": 0.06666666666666667,
      "p5": 0.3333333333333333,
      "avg_rel": 0.3333333333333333,
      "total": 45
    },
    "model": {
      "p1": 0.19,
      "p5": 0.69,
      "avg_rel": 0.68,
      "total": 100
    }
  },
  "by_source": {
    "synthetic_easy": {
      "p5": 0.5,
      "avg_rel": 0.5478723404255319,
      "total": 188
    },
    "synthetic_medium": {
      "p5": 0.28363636363636363,
      "avg_rel": 0.26545454545454544,
      "total": 275
    }
  }
}