{
  "timestamp": "2026-03-01T05:43:11.101Z",
  "k": 5,
  "n_judged": 463,
  "n_cards": 102,
  "judged_p1": 0.34773218142548595,
  "judged_p5": 0.8185745140388769,
  "avg_rel1": 1.181425485961123,
  "judged_ndcg5": 0.6525360635545756,
  "by_type": {
    "cross_service": {
      "p1": 0.7,
      "p5": 1,
      "avg_rel": 2.1333333333333333,
      "total": 30
    },
    "flow": {
      "p1": 0.3784722222222222,
      "p5": 0.8298611111111112,
      "avg_rel": 1.2847222222222223,
      "total": 288
    },
    "hub": {
      "p1": 0.3333333333333333,
      "p5": 0.7555555555555555,
      "avg_rel": 1,
      "total": 45
    },
    "model": {
      "p1": 0.16,
      "p5": 0.76,
      "avg_rel": 0.68,
      "total": 100
    }
  },
  "by_source": {
    "synthetic_easy": {
      "p5": 0.776595744680851,
      "avg_rel": 1.2180851063829787,
      "total": 188
    },
    "synthetic_medium": {
      "p5": 0.8472727272727273,
      "avg_rel": 1.1563636363636363,
      "total": 275
    }
  }
}